"0","1","""6.5"""
"2","3","""6"""
"4","2","""5.5"""
"0","0","""5"""
"5","3","""9.5"""
"5","6","""9.5"""
"3","4","""6"""
"7","8","""34"""
"5","9","""5.5"""
"10","11","""13"""
"12","13","""7.5"""
"3","14","""9"""
"10","13","""9.5"""
"12","0","""10"""
"15","0","""15.5"""
"16","7","""16.5"""
"17","7","""9"""
"13","13","""4.5"""
"13","0","""7"""
"7","10","""10.5"""
"18","1","""52"""
"13","19","""15.5"""
"20","5","""7.5"""
"0","12","""8"""
"21","3","""4"""
"22","23","""7"""
"10","24","""7"""
"13","5","""4"""
"25","14","""31"""
"26","7","""7.5"""
"27","28","""20"""
"5","29","""10"""
"20","30","""18"""
"15","0","""11"""
"31","16","""21"""
"21","17","""5.5"""
"0","32","""5.5"""
"15","33","""12"""
"1","34","""32.5"""
"7","8","""2.5"""
"3","35","""17"""
"1","36","""11"""
"37","21","""9"""
"20","13","""3.5"""
"38","16","""52"""
"13","0","""8"""
"8","39","""30"""
"7","0","""6.5"""
"5","0","""7"""
"0","0","""7.5"""
"0","10","""7"""
"30","14","""10.5"""
"13","0","""6.5"""
"13","17","""5.5"""
"40","19","""10"""
"13","41","""24"""
"13","1","""10.5"""
"1","6","""4.5"""
"12","42","""8"""
"5","43","""14"""
"44","45","""13"""
"46","5","""8"""
"12","42","""8.5"""
"5","3","""10.5"""
"1","17","""10"""
"8","44","""34"""
"0","1","""6.5"""
"32","1","""8"""
"0","47","""4.5"""
"44","19","""12"""
"29","42","""11.5"""
"18","36","""44.5"""
"3","26","""7"""
"14","2","""12"""
"1","7","""4"""
"20","48","""11"""
"16","17","""9"""
"1","14","""6.5"""
"7","1","""3.5"""
"5","5","""4"""
"20","13","""7.5"""
"37","7","""6"""
"32","26","""6"""
"32","9","""6.5"""
"3","3","""4.5"""
"49","26","""10.5"""
"13","0","""7.5"""
"29","29","""2.5"""
"0","1","""3.5"""
"48","3","""8.5"""
"50","0","""8"""
"3","32","""5"""
"51","20","""8.5"""
"4","10","""10.5"""
"2","0","""12.5"""
"13","13","""5"""
"52","0","""28.5"""
"16","20","""16.5"""
"18","31","""50.5"""
"44","1","""14"""
"46","7","""5"""
"15","0","""13"""
"7","52","""26.5"""
"30","53","""4.5"""
"1","13","""15.5"""
"3","30","""9"""
"0","1","""5"""
"3","6","""8.5"""
"4","2","""7"""
"7","5","""13"""
"4","3","""6"""
"10","42","""5"""
"0","1","""5"""
"54","15","""4"""
"55","29","""19"""
"14","17","""5"""
"55","40","""7"""
"13","20","""8.5"""
"20","32","""14.5"""
"44","18","""52"""
"3","4","""4"""
"7","0","""4.5"""
"7","2","""8.5"""
"1","14","""11.5"""
"4","26","""7.5"""
"19","12","""14"""
"1","7","""4.5"""
"10","56","""4"""
"13","57","""5.5"""
"58","59","""4"""
"26","40","""5"""
"1","17","""7"""
"57","40","""6"""
"2","3","""7.5"""
"26","26","""3.5"""
"6","6","""3.5"""
"31","41","""5.5"""
"60","58","""16.5"""
"59","0","""21.5"""
"3","56","""21"""
"29","42","""4.5"""
"20","0","""12"""
"24","12","""11"""
"5","41","""11.5"""
"3","37","""6.5"""
"13","16","""8.5"""
"1","0","""11"""
"61","62","""4"""
"0","2","""12.5"""
"0","3","""10"""
"5","0","""5"""
"13","10","""11"""
"13","13","""5.5"""
"15","63","""12"""
"19","14","""12"""
"15","2","""5.5"""
"64","59","""13"""
"5","54","""11"""
"13","5","""15.5"""
"4","42","""18"""
"3","14","""8.5"""
"29","16","""12"""
"7","28","""17.5"""
"13","40","""8"""
"9","62","""43"""
"11","56","""7.5"""
"40","40","""4"""
"13","26","""12"""
"2","31","""17"""
"0","65","""8"""
"2","66","""32"""
"5","5","""3.5"""
"4","67","""32"""
"11","56","""4"""
"19","68","""22.5"""
"46","59","""20.5"""
"55","13","""7.5"""
"53","69","""16.5"""
"54","14","""17"""
"5","37","""9.5"""
"44","13","""23"""
"31","70","""32"""
"30","29","""17.5"""
"14","13","""14"""
"40","8","""25.5"""
"54","71","""29"""
"30","14","""11"""
"4","5","""15.5"""
"30","42","""16"""
"4","72","""38.5"""
"6","49","""7.5"""
"24","73","""6"""
"7","40","""8.5"""
"58","74","""8.5"""
"6","72","""32"""
"57","26","""4.5"""
"55","75","""16"""
"55","44","""10"""
"55","76","""5"""
"30","41","""14"""
"3","74","""11"""
"1","26","""4.5"""
"7","14","""6"""
"1","44","""13.5"""
"77","41","""21"""
"20","20","""17"""
"30","46","""10"""
"55","69","""24"""
"78","4","""7.5"""
"31","79","""9"""
"54","60","""19.5"""
"56","80","""40"""
"37","12","""7.5"""
"4","4","""6.5"""
"5","76","""6.5"""
"59","44","""5"""
"45","64","""7"""
"15","6","""6.5"""
"59","81","""7"""
"16","29","""11"""
"5","82","""14"""
"4","1","""15.5"""
"83","59","""10"""
"55","74","""5.5"""
"30","74","""5"""
"10","10","""7.5"""
"82","84","""8"""
"3","0","""17"""
"2","2","""6.5"""
"2","43","""12.5"""
"49","75","""19"""
"7","4","""7.5"""
"1","28","""18"""
"0","76","""12.5"""
"3","2","""4.5"""
"76","85","""25"""
"30","2","""8"""
"4","7","""6.5"""
"55","1","""11.5"""
"40","86","""30"""
"19","43","""25"""
"54","1","""8.5"""
"9","41","""14"""
"55","75","""24"""
"46","87","""26"""
"0","17","""4.5"""
"9","32","""6"""
"10","16","""6.5"""
"4","7","""8.5"""
"88","15","""7.5"""
"56","11","""7"""
"28","89","""9"""
"15","28","""25"""
"0","90","""8.5"""
"7","29","""15.5"""
"9","91","""29.5"""
"5","42","""12.5"""
"5","92","""31.5"""
"93","16","""9.5"""
"57","12","""8.5"""
"7","94","""35.5"""
"5","5","""8.5"""
"13","13","""6.5"""
"42","10","""4"""
"42","46","""14.5"""
"0","10","""9.5"""
"12","10","""5.5"""
"69","1","""15.5"""
"25","13","""30"""
"51","20","""8"""
"10","13","""8.5"""
"4","4","""5"""
"0","0","""4"""
"58","13","""16"""
"51","6","""3"""
"55","76","""7.5"""
"20","20","""5"""
"7","0","""8"""
"54","32","""6.5"""
"95","16","""8"""
"2","13","""14.5"""
"0","13","""4.5"""
"16","42","""4.5"""
"20","20","""4.5"""
"16","13","""14"""
"3","51","""6"""
"12","42","""5.5"""
"13","20","""5.5"""
"59","59","""7"""
"0","0","""5"""
"49","0","""10.5"""
"14","0","""9"""
"59","0","""16.5"""
"0","21","""6.5"""
"32","30","""8"""
"27","87","""8"""
"5","12","""15.5"""
"3","4","""6.5"""
"13","13","""3.5"""
"7","17","""9.5"""
"1","96","""6"""
"20","32","""12"""
"2","2","""3"""
"60","77","""7"""
"4","17","""11.5"""
"20","56","""9.5"""
"4","97","""82.5"""
"28","68","""4.5"""
"28","28","""3.5"""
"13","89","""18"""
"10","10","""4.5"""
"54","54","""4"""
"30","13","""9"""
"16","0","""9.5"""
"20","32","""10.5"""
"98","52","""34.5"""
"42","11","""11"""
"99","100","""15.5"""
"7","0","""52"""
"2","4","""8.5"""
"17","0","""6"""
"42","48","""5.5"""
"0","37","""9.5"""
"7","0","""6.5"""
"55","93","""15"""
"89","80","""25.5"""
"101","76","""5"""
"30","2","""5.5"""
"4","30","""8"""
"32","7","""5.5"""
"55","40","""7.5"""
"0","1","""4.5"""
"4","41","""22"""
"30","1","""9"""
"30","26","""9"""
"10","10","""6"""
"30","13","""16.5"""
"7","27","""22"""
"30","49","""9.5"""
"1","7","""6.5"""
"29","89","""22"""
"13","56","""21"""
"7","41","""17.5"""
"30","46","""22"""
"5","5","""8"""
"28","4","""25"""
"31","56","""35.5"""
"32","1","""5"""
"2","91","""22.5"""
"74","10","""25.5"""
"7","24","""18"""
"26","3","""8.5"""
"89","13","""13"""
"8","1","""25"""
"10","4","""16"""
"14","2","""11"""
"13","0","""6"""
"59","30","""13"""
"28","5","""11.5"""
"50","7","""7.5"""
"7","102","""6"""
"103","104","""41"""
"37","59","""19.5"""
"30","17","""8"""
"1","5","""6"""
"14","12","""5.5"""
"4","7","""7"""
"40","47","""11"""
"13","103","""25"""
"13","20","""5"""
"37","7","""6"""
"42","11","""8"""
"12","42","""7.5"""
"105","20","""23"""
"10","13","""5"""
"42","29","""10.5"""
"5","1","""7.5"""
"5","0","""8"""
"42","12","""8.5"""
"0","2","""13"""
"57","20","""8.5"""
"0","106","""18.5"""
"10","42","""5"""
"12","12","""5"""
"76","58","""6.5"""
"3","10","""15"""
"4","5","""8.5"""
"55","76","""5"""
"14","20","""10"""
"55","40","""7.5"""
"9","107","""55"""
"4","32","""4.5"""
"15","10","""22"""
"30","3","""7"""
"55","2","""7"""
"2","100","""24"""
"55","31","""11.5"""
"74","36","""16.5"""
"15","20","""14.5"""
"55","93","""11"""
"37","37","""3.5"""
"55","5","""8.5"""
"14","28","""15.5"""
"15","76","""6.5"""
"2","108","""26"""
"7","13","""10"""
"0","43","""14.5"""
"4","30","""9.5"""
"109","109","""7"""
"76","110","""42.5"""
"5","40","""6"""
"5","36","""7.5"""
"30","97","""107.5"""
"43","42","""23"""
"4","111","""28.5"""
"7","36","""19.5"""
"55","20","""15.5"""
"15","81","""9"""
"58","81","""10"""
"14","112","""41.5"""
"113","0","""17.5"""
"1","16","""19"""
"19","54","""5"""
"31","75","""15.5"""
"1","79","""24.5"""
"31","41","""5"""
"5","54","""8"""
"76","99","""15.5"""
"20","40","""14.5"""
"32","34","""30.5"""
"20","5","""10.5"""
"7","114","""10"""
"12","46","""7"""
"49","1","""9"""
"68","13","""13.5"""
"42","11","""9"""
"32","19","""6"""
"4","58","""9"""
"8","32","""34"""
"30","15","""8.5"""
"7","7","""6"""
"40","9","""4"""
"7","16","""8.5"""
"55","76","""4"""
"4","0","""10"""
"76","10","""22"""
"54","20","""13"""
"2","115","""34"""
"7","8","""27"""
"37","7","""5"""
"30","7","""13"""
"74","0","""10.5"""
"30","5","""7.5"""
"5","7","""8.5"""
"13","7","""15.5"""
"59","9","""10.5"""
"0","64","""21.5"""
"30","14","""13"""
"46","68","""24.5"""
"13","19","""13"""
"3","49","""8"""
"59","30","""8"""
"7","0","""6.5"""
"32","116","""10.5"""
"3","7","""8"""
"68","79","""24"""
"0","1","""4.5"""
"25","0","""27.5"""
"1","26","""5.5"""
"42","13","""8.5"""
"13","13","""6.5"""
"26","68","""21"""
"29","13","""6.5"""
"10","10","""3.5"""
"14","7","""8"""
"16","13","""7"""
"20","5","""6"""
"19","15","""5"""
"14","11","""12"""
"7","26","""7"""
"30","32","""6.5"""
"13","46","""14.5"""
"2","69","""21.5"""
"4","30","""9.5"""
"117","117","""40"""
"118","20","""11.5"""
"15","32","""9"""
"4","13","""13"""
"13","20","""3.5"""
"102","54","""14.5"""
"7","5","""10"""
"42","3","""15"""
"21","17","""9.5"""
"5","1","""6.5"""
"5","13","""6.5"""
"30","26","""26"""
"0","49","""13"""
"13","5","""11"""
"26","3","""7"""
"45","63","""8"""
"7","13","""10.5"""
"20","20","""4.5"""
"5","57","""6"""
"119","120","""16.5"""
"31","13","""17"""
"31","81","""16.5"""
"59","121","""44.5"""
"55","68","""24"""
"26","3","""8"""
"75","85","""6"""
"10","0","""17.5"""
"10","12","""4.5"""
"55","87","""22.5"""
"14","46","""5"""
"13","13","""4.5"""
"102","0","""33"""
"14","122","""64"""
"59","58","""7"""
"13","48","""8.5"""
"55","7","""12.5"""
"13","51","""5.5"""
"9","13","""10"""
"10","12","""5.5"""
"36","36","""9"""
"52","57","""25.5"""
"7","0","""5"""
"20","20","""5"""
"1","3","""6.5"""
"79","79","""19.5"""
"54","60","""10.5"""
"9","30","""4.5"""
"55","31","""11"""
"29","14","""10"""
"13","89","""16.5"""
"54","107","""9"""
"3","46","""8.5"""
"3","19","""10.5"""
"20","12","""11.5"""
"49","19","""6"""
"30","36","""12.5"""
"5","20","""6.5"""
"13","37","""9"""
"0","7","""5"""
"10","37","""7.5"""
"20","13","""5.5"""
"24","11","""7.5"""
"0","7","""7.5"""
"10","12","""7"""
"10","13","""14.5"""
"7","10","""12"""
"17","5","""4"""
"42","13","""14"""
"12","0","""7"""
"76","43","""9.5"""
"11","56","""7.5"""
"3","26","""8"""
"78","32","""11"""
"55","123","""16"""
"54","65","""18.5"""
"13","20","""5"""
"0","7","""5.5"""
"5","7","""7.5"""
"7","7","""4.5"""
"7","1","""6.5"""
"13","10","""10"""
"3","124","""23.5"""
"13","3","""14"""
"43","30","""10"""
"118","13","""6.5"""
"5","19","""8.5"""
"7","30","""11.5"""
"0","107","""21.5"""
"20","20","""7.5"""
"37","20","""12"""
"30","5","""8.5"""
"13","13","""5"""
"46","26","""40.5"""
"0","2","""15"""
"0","36","""13.5"""
"26","69","""23"""
"37","14","""6.5"""
"31","125","""37"""
"54","58","""4"""
"7","126","""44"""
"14","56","""20"""
"17","0","""4"""
"2","14","""12.5"""
"127","127","""4.5"""
"30","44","""11.5"""
"43","17","""14"""
"17","52","""22.5"""
"1","42","""13.5"""
"55","5","""9.5"""
"30","20","""13"""
"13","8","""27"""
"4","3","""4"""
"16","37","""7.5"""
"19","79","""15"""
"128","129","""28"""
"7","79","""23.5"""
"4","20","""18.5"""
"98","130","""19"""
"2","2","""4"""
"31","68","""21.5"""
"2","20","""16"""
"54","2","""7"""
"46","1","""8.5"""
"0","42","""11.5"""
"76","54","""6.5"""
"1","56","""22"""
"3","68","""25"""
"0","28","""11"""
"31","41","""6.5"""
"55","76","""6"""
"76","4","""6.5"""
"19","7","""11.5"""
"2","13","""14"""
"13","47","""21.5"""
"7","1","""5"""
"102","20","""11"""
"32","32","""3.5"""
"5","36","""9.5"""
"4","131","""33"""
"55","31","""10"""
"14","28","""16"""
"20","32","""13.5"""
"13","20","""4.5"""
"42","13","""12"""
"5","10","""13.5"""
"26","20","""11.5"""
"51","73","""25.5"""
"6","56","""23"""
"50","7","""7"""
"4","43","""13.5"""
"30","64","""12"""
"37","132","""50"""
"16","7","""4.5"""
"128","128","""8"""
"1","76","""10"""
"69","10","""18.5"""
"133","42","""16"""
"13","0","""3"""
"59","28","""25.5"""
"2","3","""5"""
"93","64","""7.5"""
"30","129","""37"""
"89","7","""13.5"""
"55","47","""9"""
"74","1","""12"""
"55","31","""10.5"""
"13","86","""29.5"""
"14","13","""7.5"""
"10","48","""5"""
"13","0","""5.5"""
"30","26","""7"""
"1","7","""6.5"""
"20","29","""7.5"""
"57","1","""9"""
"5","13","""4.5"""
"8","1","""33.5"""
"26","13","""9.5"""
"2","12","""13"""
"13","13","""6"""
"25","10","""30.5"""
"4","49","""12.5"""
"13","57","""7"""
"28","32","""5.5"""
"96","1","""4"""
"26","1","""9.5"""
"1","134","""52"""
"12","102","""8"""
"7","12","""7"""
"9","2","""11"""
"10","29","""9.5"""
"74","32","""9"""
"81","108","""31"""
"28","5","""13.5"""
"3","5","""11"""
"55","5","""11"""
"37","7","""6"""
"20","20","""6"""
"11","29","""6.5"""
"7","76","""23"""
"42","12","""6"""
"13","20","""5"""
"20","13","""7.5"""
"10","12","""7"""
"89","51","""14"""
"1","0","""7"""
"0","3","""9.5"""
"3","5","""9.5"""
"7","0","""7.5"""
"2","81","""8"""
"16","49","""12.5"""
"118","10","""6.5"""
"51","13","""10"""
"10","20","""8"""
"15","26","""9"""
"20","0","""10.5"""
"4","17","""10"""
"11","13","""13"""
"1","30","""10"""
"20","0","""11"""
"65","102","""6.5"""
"20","13","""5.5"""
"2","135","""7"""
"15","0","""12.5"""
"10","10","""5"""
"7","7","""7"""
"13","17","""4.5"""
"7","37","""8"""
"20","7","""13.5"""
"37","10","""8"""
"69","89","""9"""
"0","74","""11.5"""
"0","26","""8.5"""
"20","5","""5.5"""
"82","71","""22"""
"37","12","""4.5"""
"3","30","""8"""
"0","136","""9"""
"3","137","""55"""
"7","74","""13"""
"12","42","""8.5"""
"98","26","""52"""
"4","20","""16"""
"76","79","""13.5"""
"5","26","""5"""
"30","20","""12"""
"54","55","""5"""
"0","44","""17"""
"68","36","""8"""
"30","31","""15"""
"2","26","""11"""
"99","99","""4"""
"59","138","""15"""
"2","28","""18.5"""
"98","4","""52"""
"3","108","""34"""
"98","79","""36"""
"76","74","""5"""
"49","18","""52"""
"40","5","""5"""
"4","0","""8"""
"37","139","""25"""
"76","2","""9.5"""
"30","89","""20.5"""
"98","37","""52"""
"7","7","""4"""
"7","65","""13"""
"20","7","""17.5"""
"12","13","""11"""
"140","4","""11.5"""
"7","51","""8.5"""
"2","49","""5.5"""
"20","13","""6.5"""
"12","12","""4"""
"8","141","""23.5"""
"20","20","""4"""
"32","0","""7.5"""
"0","20","""10"""
"142","15","""8.5"""
"13","1","""13.5"""
"17","5","""5"""
"20","46","""9"""
"14","7","""6"""
"13","13","""4"""
"14","37","""4"""
"8","7","""34.5"""
"13","13","""3.5"""
"10","13","""6.5"""
"55","8","""26"""
"10","10","""6"""
"2","19","""3.5"""
"13","0","""7.5"""
"44","96","""16.5"""
"134","52","""37"""
"17","7","""7"""
"59","93","""28.5"""
"10","10","""3.5"""
"13","13","""5"""
"13","20","""7"""
"75","44","""26"""
"14","4","""8"""
"98","143","""53.5"""
"17","14","""10.5"""
"43","2","""10.5"""
"18","1","""52"""
"26","1","""9.5"""
"144","43","""6.5"""
"10","13","""7"""
"49","58","""5"""
"12","134","""52"""
"7","26","""6"""
"0","16","""6"""
"5","20","""8.5"""
"20","10","""9.5"""
"76","26","""11"""
"5","20","""5.5"""
"30","30","""9"""
"2","75","""20"""
"12","136","""18.5"""
"54","31","""11"""
"54","145","""8.5"""
"31","69","""24.5"""
"7","59","""13"""
"28","146","""17"""
"4","59","""8"""
"32","58","""23.5"""
"58","14","""15.5"""
"9","5","""7.5"""
"4","14","""13"""
"2","3","""6"""
"5","20","""9.5"""
"51","25","""28.5"""
"46","89","""25.5"""
"28","36","""9"""
"5","6","""6"""
"10","10","""5"""
"5","2","""11.5"""
"20","20","""6.5"""
"37","8","""29.5"""
"124","87","""8.5"""
"37","12","""5"""
"10","10","""8.5"""
"14","10","""8.5"""
"0","0","""7"""
"13","0","""5.5"""
"20","20","""3.5"""
"20","13","""8"""
"95","13","""10.5"""
"10","0","""10.5"""
"30","65","""16.5"""
"29","102","""7.5"""
"0","51","""12"""
"2","17","""10.5"""
"7","43","""13"""
"5","0","""8.5"""
"7","14","""6"""
"5","20","""11.5"""
"49","47","""5"""
"140","6","""17.5"""
"51","8","""27"""
"0","1","""5.5"""
"20","13","""6.5"""
"118","7","""8.5"""
"42","24","""5.5"""
"7","16","""9.5"""
"13","25","""27"""
"12","10","""5.5"""
"24","11","""5.5"""
"31","77","""25"""
"5","5","""5.5"""
"5","5","""5.5"""
"14","10","""6.5"""
"20","13","""6.5"""
"2","30","""4.5"""
"12","10","""4.5"""
"5","30","""9.5"""
"5","5","""4"""
"16","10","""4.5"""
"102","26","""7.5"""
"16","46","""6"""
"13","2","""12"""
"16","114","""8"""
"0","51","""6"""
"32","0","""5.5"""
"9","6","""5.5"""
"2","31","""15"""
"14","118","""7"""
"2","44","""9"""
"30","3","""8"""
"4","9","""7.5"""
"4","20","""16"""
"30","128","""23"""
"49","3","""9.5"""
"54","6","""8"""
"2","147","""29.5"""
"15","76","""8"""
"5","11","""16"""
"13","31","""19"""
"30","40","""5"""
"4","32","""7"""
"55","36","""18.5"""
"0","8","""32"""
"7","81","""16"""
"26","8","""33"""
"3","4","""6"""
"18","12","""52"""
"20","5","""9"""
"14","12","""7.5"""
"10","13","""10.5"""
"46","5","""8.5"""
"5","1","""7.5"""
"10","125","""43"""
"19","5","""12"""
"77","44","""15"""
"30","29","""16.5"""
"9","5","""7.5"""
"59","44","""4.5"""
"15","4","""9.5"""
"14","29","""20"""
"73","73","""3.5"""
"0","0","""6"""
"48","128","""21.5"""
"140","7","""16.5"""
"20","32","""14"""
"29","5","""9.5"""
"24","73","""6"""
"17","148","""4"""
"32","2","""7"""
"6","26","""4.5"""
"46","7","""7"""
"6","6","""5"""
"10","12","""3.5"""
"13","20","""6.5"""
"142","59","""7"""
"14","20","""13"""
"2","1","""8.5"""
"5","148","""6"""
"40","1","""7"""
"2","0","""10"""
"10","14","""7"""
"14","59","""13.5"""
"11","4","""20"""
"3","19","""5"""
"3","2","""9"""
"32","0","""6.5"""
"20","13","""5"""
"59","10","""22.5"""
"3","13","""12"""
"14","4","""10"""
"3","0","""6"""
"63","13","""27"""
"2","15","""8"""
"32","74","""4.5"""
"29","0","""11"""
"12","81","""21.5"""
"5","0","""5"""
"4","54","""9.5"""
"118","134","""52"""
"13","1","""12.5"""
"42","11","""8.5"""
"11","11","""6.5"""
"149","0","""14"""
"8","68","""16.5"""
"3","8","""32.5"""
"30","10","""20"""
"3","2","""6.5"""
"20","11","""8"""
"149","0","""12"""
"5","1","""10"""
"9","32","""5.5"""
"114","20","""9.5"""
"7","14","""7"""
"19","81","""8.5"""
"20","13","""4.5"""
"10","65","""5.5"""
"8","150","""29"""
"20","13","""3.5"""
"0","14","""3"""
"57","13","""8"""
"32","26","""7"""
"9","32","""5"""
"16","7","""8"""
"5","20","""5"""
"16","3","""6"""
"58","151","""19.5"""
"5","139","""17.5"""
"58","7","""14.5"""
"13","26","""6"""
"20","14","""12"""
"7","7","""5"""
"20","0","""7.5"""
"4","7","""5.5"""
"10","49","""19.5"""
"48","102","""7.5"""
"16","0","""9.5"""
"13","16","""8"""
"32","40","""6"""
"42","10","""5.5"""
"7","49","""10.5"""
"28","15","""17.5"""
"7","0","""5.5"""
"0","26","""7.5"""
"5","46","""5"""
"0","68","""17.5"""
"49","58","""6"""
"32","2","""6.5"""
"5","8","""26.5"""
"12","42","""9.5"""
"4","7","""7.5"""
"31","68","""39"""
"20","29","""6"""
"32","69","""19.5"""
"2","42","""19.5"""
"1","4","""10"""
"43","124","""14"""
"31","31","""4.5"""
"7","4","""9.5"""
"7","18","""52"""
"5","20","""10.5"""
"6","32","""5"""
"13","10","""8.5"""
"7","64","""23"""
"2","0","""11.5"""
"13","13","""6"""
"6","3","""6.5"""
"74","51","""8"""
"52","65","""52"""
"30","44","""11.5"""
"26","59","""14"""
"10","46","""6.5"""
"20","20","""8"""
"0","14","""7"""
"2","81","""7.5"""
"32","19","""5.5"""
"2","44","""6.5"""
"42","13","""9"""
"5","7","""6"""
"7","8","""29.5"""
"13","20","""14"""
"37","14","""4.5"""
"13","20","""3.5"""
"96","59","""10.5"""
"10","13","""5.5"""
"42","10","""4.5"""
"59","64","""14"""
"13","10","""8.5"""
"7","26","""5"""
"7","0","""6"""
"7","14","""5.5"""
"9","5","""9.5"""
"20","13","""5"""
"7","3","""7"""
"37","7","""6"""
"12","16","""4"""
"89","89","""4.5"""
"13","26","""8.5"""
"9","58","""7.5"""
"31","58","""9"""
"14","19","""12"""
"152","30","""5.5"""
"10","102","""8"""
"7","0","""6.5"""
"2","54","""8"""
"32","58","""4"""
"20","102","""8.5"""
"6","8","""29.5"""
"55","58","""6"""
"59","0","""11.5"""
"42","11","""8.5"""
"1","3","""3.5"""
"3","0","""6"""
"14","3","""9"""
"12","10","""4.5"""
"7","14","""9.5"""
"48","54","""15.5"""
"10","16","""3.5"""
"13","20","""4"""
"30","7","""11.5"""
"10","29","""12.5"""
"13","1","""13"""
"7","12","""10"""
"105","16","""13.5"""
"58","3","""9.5"""
"4","5","""12"""
"20","10","""8.5"""
"10","16","""16.5"""
"0","0","""5"""
"13","13","""5"""
"10","3","""13"""
"7","0","""6"""
"18","56","""52"""
"8","20","""23"""
"8","46","""30"""
"12","32","""11"""
"25","7","""28.5"""
"20","51","""10.5"""
"55","124","""13.5"""
"20","10","""9"""
"1","1","""2.5"""
"3","4","""7"""
"0","7","""12.5"""
"7","7","""4.5"""
"0","0","""5"""
"20","20","""6.5"""
"5","0","""6.5"""
"20","11","""14"""
"32","1","""4.5"""
"12","10","""6"""
"0","21","""5.5"""
"0","7","""6.5"""
"0","58","""8"""
"12","0","""8"""
"52","13","""25"""
"8","5","""26.5"""
"9","13","""11"""
"76","3","""10"""
"7","14","""7"""
"1","14","""7"""
"19","153","""6.5"""
"20","44","""21.5"""
"58","7","""13"""
"20","58","""15.5"""
"56","10","""13.5"""
"10","1","""9"""
"14","5","""5.5"""
"28","20","""16"""
"27","13","""23"""
"5","4","""10"""
"6","44","""14"""
"13","13","""7"""
"13","20","""4.5"""
"32","14","""6.5"""
"69","13","""13.5"""
"98","154","""49"""
"30","20","""15"""
"20","12","""10"""
"10","7","""9"""
"54","16","""4"""
"3","5","""5.5"""
"37","37","""5"""
"3","17","""14.5"""
"0","40","""5.5"""
"37","10","""7"""
"59","6","""11"""
"13","13","""4"""
"155","59","""4.5"""
"32","51","""12.5"""
"19","4","""6.5"""
"29","29","""4"""
"5","20","""7"""
"3","0","""8.5"""
"14","20","""8.5"""
"7","76","""11.5"""
"20","12","""10"""
"7","0","""6"""
"14","2","""10"""
"26","15","""8.5"""
"42","42","""4.5"""
"0","32","""7"""
"5","13","""7"""
"13","13","""6"""
"10","7","""9"""
"5","12","""11"""
"17","14","""21.5"""
"12","0","""7.5"""
"20","13","""4"""
"29","13","""9"""
"20","20","""6"""
"30","2","""6"""
"10","16","""6"""
"76","32","""6"""
"57","8","""25.5"""
"40","14","""13"""
"5","0","""6.5"""
"156","156","""6"""
"134","100","""56.5"""
"37","30","""12"""
"157","139","""8.5"""
"68","0","""17.5"""
"7","32","""9.5"""
"0","29","""12"""
"2","4","""4.5"""
"12","10","""6"""
"54","31","""11"""
"30","20","""12"""
"14","17","""4.5"""
"20","9","""14.5"""
"158","59","""8.5"""
"159","27","""8"""
"20","29","""6"""
"49","58","""6"""
"134","10","""52"""
"23","5","""24.5"""
"13","20","""5"""
"2","3","""6.5"""
"20","37","""12.5"""
"4","2","""5.5"""
"30","5","""9.5"""
"14","10","""8.5"""
"10","16","""7"""
"17","6","""5"""
"29","6","""17.5"""
"2","20","""18"""
"20","0","""13"""
"7","17","""7.5"""
"13","10","""10.5"""
"10","10","""4.5"""
"5","102","""8"""
"14","1","""5.5"""
"26","7","""7"""
"100","2","""22"""
"13","20","""7"""
"15","59","""13"""
"160","5","""19.5"""
"0","7","""6"""
"19","32","""5"""
"2","54","""7"""
"4","19","""7"""
"7","20","""13"""
"0","0","""6"""
"17","1","""5.5"""
"3","4","""4.5"""
"37","3","""6"""
"13","10","""7.5"""
"28","147","""15"""
"161","105","""5.5"""
"77","26","""21.5"""
"16","26","""15.5"""
"43","2","""6"""
"55","30","""6"""
"147","51","""26"""
"26","12","""12"""
"12","65","""4.5"""
"30","6","""4.5"""
"20","49","""19"""
"96","5","""4.5"""
"13","20","""4"""
"6","26","""5"""
"15","47","""11"""
"5","8","""29.5"""
"20","42","""11"""
"20","13","""6"""
"7","14","""5.5"""
"58","1","""7.5"""
"18","8","""31.5"""
"5","13","""7"""
"5","0","""5.5"""
"15","1","""10.5"""
"77","55","""15.5"""
"26","0","""7.5"""
"42","10","""5.5"""
"20","13","""10.5"""
"29","20","""7.5"""
"13","3","""19.5"""
"2","3","""7.5"""
"4","8","""37"""
"42","20","""7.5"""
"30","20","""10"""
"67","162","""4.5"""
"4","32","""5.5"""
"42","12","""8"""
"16","0","""15.5"""
"1","5","""7"""
"3","19","""5.5"""
"2","3","""9.5"""
"13","20","""5.5"""
"48","10","""3.5"""
"7","14","""4.5"""
"98","98","""3"""
"16","10","""8"""
"42","12","""6"""
"19","0","""9.5"""
"5","12","""10.5"""
"13","13","""5.5"""
"54","7","""14"""
"13","7","""6"""
"59","81","""6.5"""
"81","4","""10.5"""
"25","0","""34"""
"0","65","""7"""
"5","0","""6"""
"14","46","""6"""
"3","8","""30.5"""
"37","12","""5.5"""
"2","49","""7"""
"20","17","""10.5"""
"1","46","""8"""
"5","20","""4"""
"30","0","""9.5"""
"54","17","""16.5"""
"0","58","""10"""
"7","7","""5"""
"2","30","""6"""
"6","9","""6.5"""
"1","124","""25.5"""
"7","3","""6.5"""
"4","0","""8.5"""
"0","135","""11.5"""
"56","24","""6.5"""
"0","0","""4"""
"12","42","""8"""
"25","77","""39.5"""
"102","13","""6.5"""
"37","7","""5"""
"5","96","""11"""
"7","7","""7.5"""
"42","48","""5.5"""
"7","13","""11"""
"0","7","""5.5"""
"54","6","""8"""
"4","2","""5"""
"0","2","""8.5"""
"30","26","""4"""
"76","43","""6"""
"158","4","""10"""
"12","20","""11"""
"14","7","""5.5"""
"12","3","""9.5"""
"14","37","""6"""
"13","98","""52"""
"55","163","""9.5"""
"3","3","""4.5"""
"29","11","""5.5"""
"2","56","""4"""
"19","20","""17.5"""
"30","134","""52"""
"74","75","""20.5"""
"96","42","""12"""
"77","79","""14"""
"7","14","""4.5"""
"7","164","""21"""
"17","30","""7.5"""
"54","28","""20.5"""
"4","37","""10"""
"13","7","""10.5"""
"52","162","""10"""
"4","14","""8.5"""
"44","3","""10.5"""
"1","51","""7.5"""
"0","5","""8"""
"30","2","""7"""
"32","9","""7.5"""
"4","32","""8"""
"8","5","""28"""
"10","10","""5"""
"16","8","""33"""
"54","30","""5"""
"10","13","""9.5"""
"165","30","""9"""
"49","55","""5"""
"0","20","""9"""
"13","10","""7.5"""
"13","20","""5"""
"32","19","""5"""
"81","1","""13.5"""
"10","10","""4"""
"7","8","""30"""
"5","14","""12.5"""
"12","13","""15.5"""
"24","11","""9"""
"76","113","""15.5"""
"12","20","""8.5"""
"13","14","""7.5"""
"24","48","""13"""
"8","124","""38"""
"51","3","""11"""
"19","0","""9.5"""
"28","5","""12.5"""
"14","25","""32"""
"46","7","""6.5"""
"3","14","""7"""
"3","101","""14"""
"7","37","""4.5"""
"14","65","""6.5"""
"13","10","""5"""
"20","0","""11"""
"19","8","""32.5"""
"69","0","""15"""
"42","20","""9"""
"20","13","""3.5"""
"14","7","""6.5"""
"166","26","""16"""
"26","13","""6.5"""
"20","20","""7"""
"10","14","""9"""
"55","167","""20.5"""
"12","0","""7"""
"7","37","""5.5"""
"20","13","""7.5"""
"3","14","""6.5"""
"20","1","""14"""
"49","6","""10.5"""
"49","3","""9.5"""
"3","42","""18"""
"5","66","""27"""
"32","19","""5.5"""
"6","58","""8.5"""
"98","10","""52"""
"4","168","""11.5"""
"41","79","""8"""
"169","4","""6"""
"4","3","""3.5"""
"5","20","""7.5"""
"55","31","""7"""
"7","42","""7.5"""
"77","159","""8.5"""
"30","76","""4"""
"2","153","""8.5"""
"4","76","""11.5"""
"3","1","""5"""
"4","0","""9.5"""
"5","69","""14.5"""
"3","15","""10.5"""
"24","5","""18.5"""
"30","5","""8"""
"58","7","""13.5"""
"56","0","""18"""
"74","1","""10"""
"17","12","""10"""
"20","13","""7.5"""
"3","14","""7"""
"0","0","""3.5"""
"11","42","""7"""
"13","26","""8.5"""
"58","0","""10.5"""
"7","10","""8.5"""
"98","5","""52"""
"12","170","""4"""
"29","29","""5"""
"13","13","""4"""
"20","47","""14"""
"13","0","""6"""
"10","29","""8"""
"7","7","""6"""
"55","0","""12.5"""
"13","20","""5.5"""
"64","8","""32.5"""
"13","14","""8.5"""
"13","51","""11"""
"142","9","""13"""
"1","14","""7"""
"7","4","""7"""
"17","20","""5.5"""
"37","0","""5.5"""
"40","122","""67.5"""
"6","30","""5.5"""
"10","12","""5.5"""
"3","6","""6"""
"43","7","""19.5"""
"3","3","""3.5"""
"26","20","""11"""
"5","13","""8"""
"13","13","""6"""
"51","32","""7.5"""
"24","10","""10.5"""
"3","1","""5"""
"7","0","""7.5"""
"0","7","""7.5"""
"4","2","""7"""
"32","10","""13.5"""
"56","5","""20"""
"1","7","""7"""
"0","1","""5.5"""
"16","9","""5"""
"2","14","""11"""
"69","14","""14.5"""
"3","4","""6"""
"2","102","""11"""
"59","19","""5.5"""
"13","17","""7.5"""
"5","7","""10"""
"30","5","""9.5"""
"42","20","""7"""
"21","0","""7"""
"3","19","""3"""
"32","19","""3"""
"10","14","""6.5"""
"10","13","""8"""
"171","5","""5.5"""
"5","40","""5"""
"5","11","""9"""
"20","20","""8"""
"14","10","""7.5"""
"4","49","""8.5"""
"55","25","""28.5"""
"7","102","""7.5"""
"26","40","""8"""
"37","14","""5.5"""
"74","172","""28.5"""
"2","98","""52"""
"173","140","""7"""
"30","5","""8"""
"55","55","""3"""
"5","58","""8.5"""
"46","28","""15"""
"149","13","""18.5"""
"0","8","""27.5"""
"18","18","""11"""
"1","7","""6.5"""
"0","32","""7.5"""
"5","36","""7.5"""
"0","47","""4.5"""
"42","8","""27.5"""
"11","29","""7.5"""
"12","14","""4.5"""
"20","102","""11"""
"14","76","""13"""
"46","14","""5.5"""
"0","7","""6"""
"122","122","""11"""
"0","46","""6.5"""
"68","68","""6"""
"24","29","""6.5"""
"13","13","""8.5"""
"42","32","""18"""
"69","174","""31"""
"0","7","""5"""
"2","175","""32.5"""
"18","46","""52"""
"11","37","""13"""
"3","8","""37.5"""
"2","3","""7"""
"20","20","""6"""
"81","86","""34.5"""
"76","30","""5"""
"7","0","""5.5"""
"10","46","""8.5"""
"4","2","""8"""
"98","24","""52"""
"2","12","""12.5"""
"5","57","""4.5"""
"7","20","""12.5"""
"69","5","""11.5"""
"134","104","""46.5"""
"13","20","""5"""
"16","149","""4.5"""
"20","20","""4.5"""
"20","13","""6"""
"42","10","""3.5"""
"176","13","""13"""
"3","14","""6.5"""
"40","59","""13"""
"40","30","""5.5"""
"3","10","""11.5"""
"59","49","""6.5"""
"2","15","""7.5"""
"7","0","""7"""
"19","6","""7.5"""
"11","177","""5"""
"140","2","""9.5"""
"46","6","""11.5"""
"0","1","""3"""
"46","178","""37.5"""
"20","29","""7.5"""
"16","42","""25"""
"30","101","""6.5"""
"6","26","""6"""
"5","69","""11.5"""
"26","179","""26"""
"42","10","""6"""
"20","98","""52"""
"114","13","""8.5"""
"7","14","""6.5"""
"4","55","""9.5"""
"10","10","""4"""
"13","26","""6"""
"3","58","""6"""
"7","8","""36"""
"5","1","""6"""
"5","40","""7.5"""
"76","12","""19"""
"76","0","""14"""
"4","0","""13"""
"0","5","""7"""
"30","28","""25"""
"30","5","""8"""
"76","13","""13"""
"54","7","""14"""
"4","13","""13.5"""
"1","17","""8.5"""
"54","180","""7"""
"30","7","""19"""
"3","39","""27.5"""
"9","57","""10.5"""
"19","4","""6.5"""
"43","9","""4"""
"42","10","""7"""
"20","42","""9.5"""
"98","181","""50"""
"16","42","""7"""
"20","13","""4.5"""
"14","56","""27.5"""
"2","19","""7.5"""
"29","58","""17"""
"10","12","""4"""
"37","14","""6"""
"5","26","""4.5"""
"13","13","""5.5"""
"12","0","""6.5"""
"0","8","""32.5"""
"20","13","""5.5"""
"69","148","""15.5"""
"0","7","""6.5"""
"40","54","""7.5"""
"20","29","""4.5"""
"76","182","""41"""
"5","5","""8"""
"5","3","""8"""
"3","3","""3.5"""
"14","13","""6"""
"0","46","""6"""
"160","5","""16"""
"32","3","""4"""
"14","14","""4"""
"5","0","""4.5"""
"66","42","""16.5"""
"55","3","""12.5"""
"3","47","""6"""
"56","56","""14.5"""
"15","0","""9.5"""
"98","183","""31"""
"20","29","""8.5"""
"0","37","""4"""
"20","0","""9.5"""
"184","185","""10.5"""
"0","7","""6.5"""
"89","13","""15"""
"0","1","""7.5"""
"30","5","""4"""
"20","20","""4.5"""
"20","57","""7"""
"13","20","""5"""
"1","0","""7.5"""
"20","42","""11"""
"5","5","""3.5"""
"7","19","""6.5"""
"142","81","""5"""
"3","20","""13"""
"68","5","""16.5"""
"13","5","""8"""
"10","8","""28.5"""
"2","0","""9"""
"10","1","""11.5"""
"10","13","""7"""
"19","3","""5.5"""
"3","7","""4.5"""
"0","7","""10.5"""
"3","4","""3"""
"36","136","""6.5"""
"46","7","""5.5"""
"20","20","""4"""
"9","30","""5"""
"98","124","""31.5"""
"49","13","""15.5"""
"76","30","""4.5"""
"20","13","""4"""
"7","32","""9.5"""
"42","14","""8.5"""
"0","8","""34.5"""
"0","7","""7.5"""
"1","7","""5"""
"2","59","""7"""
"13","58","""16"""
"5","13","""7.5"""
"58","0","""19"""
"10","14","""7"""
"7","81","""15"""
"0","8","""32.5"""
"1","3","""4"""
"13","20","""7"""
"66","102","""13"""
"0","20","""7.5"""
"7","1","""4"""
"2","3","""5.5"""
"79","13","""21.5"""
"29","42","""4.5"""
"5","13","""8"""
"20","20","""4"""
"5","186","""29"""
"2","59","""7"""
"11","29","""3.5"""
"31","187","""23"""
"5","13","""12"""
"20","42","""8.5"""
"2","4","""35"""
"26","13","""8.5"""
"6","8","""25.5"""
"19","1","""8"""
"19","32","""6.5"""
"155","0","""11"""
"16","7","""6"""
"2","3","""5"""
"42","0","""11.5"""
"20","20","""5.5"""
"19","0","""8"""
"64","84","""4"""
"13","6","""9"""
"7","20","""15"""
"81","43","""9"""
"3","51","""8.5"""
"12","32","""13.5"""
"20","0","""9"""
"56","11","""6.5"""
"7","7","""5"""
"24","42","""6"""
"26","16","""5.5"""
"59","4","""10.5"""
"96","114","""22"""
"0","13","""6"""
"1","7","""8.5"""
"13","0","""8.5"""
"0","7","""9"""
"13","20","""4"""
"114","12","""6"""
"58","188","""5.5"""
"59","59","""4"""
"13","20","""7"""
"89","13","""16"""
"11","8","""22"""
"32","4","""8"""
"4","46","""7.5"""
"20","65","""9.5"""
"5","20","""6.5"""
"98","189","""23.5"""
"13","12","""8"""
"3","118","""9.5"""
"20","102","""17"""
"12","14","""8.5"""
"32","66","""25.5"""
"8","13","""26.5"""
"14","8","""28.5"""
"2","5","""11"""
"48","7","""8.5"""
"58","7","""14.5"""
"190","31","""5.5"""
"20","0","""12"""
"0","7","""5"""
"14","7","""7"""
"30","13","""10.5"""
"55","5","""10.5"""
"37","7","""6.5"""
"122","122","""14.5"""
"6","8","""25.5"""
"13","175","""16"""
"20","191","""20.5"""
"20","46","""14"""
"20","51","""10"""
"7","1","""7"""
"26","13","""7.5"""
"13","30","""12"""
"81","3","""10.5"""
"9","0","""10"""
"20","20","""5.5"""
"24","14","""11"""
"13","0","""7"""
"43","15","""5"""
"9","2","""7"""
"18","192","""38"""
"20","20","""8"""
"20","8","""27"""
"14","7","""6"""
"0","13","""7.5"""
"57","7","""9.5"""
"2","13","""15.5"""
"76","31","""12.5"""
"14","0","""6.5"""
"10","14","""5.5"""
"44","5","""14.5"""
"5","89","""15"""
"10","0","""9.5"""
"20","6","""12.5"""
"2","4","""2.5"""
"28","42","""20"""
"37","46","""6.5"""
"2","32","""5"""
"26","6","""4"""
"13","0","""8"""
"2","0","""10"""
"8","0","""35.5"""
"20","10","""6.5"""
"57","193","""22"""
"26","15","""9"""
"3","3","""5"""
"7","16","""5"""
"0","194","""54.5"""
"7","73","""15.5"""
"20","19","""13.5"""
"0","1","""6"""
"0","0","""4.5"""
"98","123","""58.5"""
"13","0","""7.5"""
"98","7","""52"""
"13","114","""11.5"""
"7","0","""6"""
"30","5","""7.5"""
"20","3","""11.5"""
"5","102","""11.5"""
"31","6","""13.5"""
"40","20","""10.5"""
"5","12","""12.5"""
"20","102","""8.5"""
"13","20","""5.5"""
"20","12","""10"""
"20","20","""7"""
"3","13","""12.5"""
"18","10","""52"""
"41","0","""22"""
"44","5","""14.5"""
"14","1","""7.5"""
"42","24","""5"""
"98","0","""52"""
"31","13","""19.5"""
"6","17","""6"""
"0","7","""7"""
"18","79","""38"""
"29","12","""12"""
"12","48","""3.5"""
"13","14","""7.5"""
"76","40","""6"""
"14","1","""5.5"""
"76","30","""6"""
"37","54","""15"""
"20","0","""12"""
"4","7","""4"""
"0","47","""9.5"""
"185","123","""12.5"""
"32","9","""7"""
"30","13","""13.5"""
"5","40","""4"""
"5","58","""8"""
"102","13","""10"""
"14","98","""52"""
"5","4","""10.5"""
"3","7","""6"""
"30","0","""8"""
"3","4","""4.5"""
"4","4","""6.5"""
"13","20","""6.5"""
"42","20","""8"""
"77","31","""23"""
"37","12","""6.5"""
"26","59","""12.5"""
"5","98","""52"""
"29","8","""20"""
"68","0","""18"""
"52","24","""26.5"""
"3","1","""7"""
"29","3","""13.5"""
"20","7","""15.5"""
"4","59","""11"""
"14","16","""16"""
"7","1","""4.5"""
"9","3","""11"""
"139","139","""6.5"""
"4","3","""5.5"""
"98","16","""52"""
"98","195","""41"""
"0","8","""27.5"""
"11","13","""11"""
"16","196","""30"""
"5","20","""3.5"""
"31","41","""5.5"""
"49","7","""10"""
"57","20","""11.5"""
"9","32","""7"""
"0","0","""52"""
"59","19","""9"""
"134","197","""48.5"""
"2","13","""15.5"""
"0","1","""6"""
"24","3","""19.5"""
"7","6","""5.5"""
"14","102","""5.5"""
"5","3","""9"""
"10","42","""6"""
"49","0","""11.5"""
"7","0","""8.5"""
"30","49","""6.5"""
"6","10","""15"""
"0","54","""11"""
"47","51","""5"""
"0","68","""23"""
"13","57","""5"""
"7","4","""9.5"""
"13","20","""8"""
"42","12","""7.5"""
"23","23","""5"""
"26","7","""4.5"""
"10","42","""9"""
"7","47","""4"""
"54","51","""9"""
"19","0","""9.5"""
"0","13","""8.5"""
"2","30","""5"""
"11","5","""16"""
"54","7","""12"""
"0","8","""34.5"""
"75","124","""15.5"""
"10","20","""8"""
"42","10","""3.5"""
"20","14","""16.5"""
"98","5","""52"""
"5","68","""14.5"""
"0","0","""6.5"""
"7","12","""6.5"""
"14","51","""5.5"""
"0","86","""25"""
"5","1","""7"""
"49","79","""15"""
"18","26","""52"""
"29","29","""4.5"""
"98","198","""20"""
"51","1","""6"""
"12","4","""13"""
"3","1","""4"""
"4","13","""15"""
"1","199","""49"""
"30","40","""4"""
"26","32","""4.5"""
"14","56","""20"""
"32","1","""6"""
"93","6","""15"""
"13","0","""9.5"""
"2","13","""14"""
"76","31","""15.5"""
"19","7","""8.5"""
"13","76","""11"""
"5","18","""52"""
"42","20","""5"""
"20","1","""16"""
"14","0","""4.5"""
"55","19","""8.5"""
"1","14","""7.5"""
"13","13","""4.5"""
"4","3","""3.5"""
"14","20","""6.5"""
"9","134","""52"""
"15","134","""52"""
"59","2","""6"""
"14","7","""6.5"""
"4","2","""4"""
"16","10","""3.5"""
"2","1","""7.5"""
"3","3","""4"""
"6","8","""27"""
"20","5","""7"""
"54","26","""8"""
"98","0","""52"""
"10","3","""11.5"""
"20","13","""5.5"""
"29","10","""10"""
"7","0","""7.5"""
"29","12","""14.5"""
"178","41","""19.5"""
"1","134","""52"""
"3","12","""11.5"""
"16","1","""4"""
"0","7","""5.5"""
"118","12","""5"""
"0","43","""13"""
"20","3","""12"""
"10","19","""14"""
"77","8","""35.5"""
"10","20","""7.5"""
"118","13","""7.5"""
"32","13","""13"""
"24","42","""4.5"""
"0","0","""4"""
"13","5","""6.5"""
"0","17","""4.5"""
"20","52","""22.5"""
"8","8","""5"""
"0","7","""5.5"""
"68","69","""6"""
"7","13","""9"""
"14","37","""6"""
"55","2","""8.5"""
"20","66","""18"""
"5","1","""8"""
"54","32","""8"""
"4","30","""6.5"""
"30","32","""7"""
"7","14","""6"""
"0","8","""28"""
"1","0","""7"""
"10","20","""9.5"""
"2","56","""27.5"""
"14","7","""7"""
"0","7","""8"""
"16","42","""17.5"""
"9","0","""6.5"""
"10","12","""9"""
"13","7","""8.5"""
"55","8","""25"""
"3","25","""33.5"""
"29","13","""8"""
"76","80","""32.5"""
"20","0","""9"""
"20","78","""26.5"""
"32","0","""6"""
"0","8","""33.5"""
"14","29","""12"""
"14","13","""7"""
"7","98","""52"""
"18","99","""48"""
"10","129","""24.5"""
"2","0","""8"""
"13","29","""9"""
"30","13","""10"""
"59","16","""4.5"""
"20","24","""8"""
"4","6","""6"""
"68","69","""6.5"""
"142","55","""11"""
"0","21","""8"""
"20","29","""6.5"""
"98","154","""48"""
"14","46","""5.5"""
"30","29","""15"""
"13","13","""4"""
"5","14","""7"""
"13","0","""4.5"""
"12","42","""9"""
"103","59","""14"""
"32","13","""10"""
"54","92","""22.5"""
"30","55","""7.5"""
"29","5","""10"""
"31","75","""9"""
"2","4","""7.5"""
"43","7","""14.5"""
"18","1","""52"""
"51","18","""52"""
"42","16","""3"""
"98","97","""22"""
"10","11","""12"""
"20","30","""13"""
"28","29","""13"""
"18","20","""52"""
"37","13","""11"""
"16","20","""7.5"""
"32","14","""9"""
"6","0","""8.5"""
"7","47","""10.5"""
"13","5","""6"""
"46","7","""5"""
"32","58","""7.5"""
"2","13","""14.5"""
"54","36","""11"""
"2","32","""5"""
"13","134","""52"""
"30","1","""7"""
"14","0","""6"""
"68","7","""24"""
"13","1","""13"""
"10","13","""10"""
"56","16","""6.5"""
"13","32","""11.5"""
"3","3","""4.5"""
"88","14","""11"""
"3","0","""8"""
"10","24","""8"""
"11","11","""4"""
"128","128","""4.5"""
"10","10","""5"""
"40","0","""9.5"""
"12","10","""5"""
"58","96","""9.5"""
"20","42","""9"""
"32","32","""4.5"""
"18","31","""43"""
"13","5","""4.5"""
"59","81","""5.5"""
"7","12","""6.5"""
"10","20","""7"""
"37","46","""4"""
"17","4","""11.5"""
"114","42","""4"""
"7","14","""4.5"""
"46","1","""4.5"""
"118","58","""13.5"""
"3","0","""6"""
"20","14","""8"""
"95","0","""9"""
"3","7","""8"""
"6","4","""7.5"""
"42","20","""9.5"""
"18","41","""44.5"""
"13","13","""4.5"""
"5","52","""52"""
"48","102","""7"""
"18","98","""10.5"""
"5","26","""8"""
"55","13","""12"""
"8","131","""36.5"""
"32","64","""15.5"""
"0","13","""7.5"""
"24","20","""7.5"""
"13","13","""5.5"""
"98","66","""52"""
"98","146","""32.5"""
"13","7","""9.5"""
"14","66","""20.5"""
"37","7","""8"""
"134","200","""36.5"""
"7","75","""24"""
"14","7","""7.5"""
"46","69","""41.5"""
"10","13","""11"""
"1","36","""13.5"""
"7","0","""8"""
"7","26","""6.5"""
"3","14","""6"""
"18","8","""31"""
"19","55","""9"""
"30","3","""10.5"""
"17","8","""31"""
"12","134","""52"""
"19","14","""10"""
"32","30","""4.5"""
"187","59","""4"""
"5","0","""6"""
"20","20","""4"""
"16","7","""6"""
"155","8","""36.5"""
"1","201","""22"""
"13","16","""6.5"""
"77","60","""7"""
"98","202","""39.5"""
"29","9","""13"""
"74","47","""21.5"""
"30","46","""15"""
"3","5","""11"""
"20","26","""8.5"""
"0","7","""8.5"""
"14","10","""7.5"""
"102","10","""6.5"""
"98","203","""42"""
"10","13","""10"""
"0","3","""9"""
"30","1","""9"""
"76","30","""4.5"""
"93","19","""13.5"""
"10","12","""7.5"""
"95","10","""6.5"""
"4","0","""9.5"""
"123","138","""6"""
"17","1","""8"""
"16","7","""7.5"""
"93","5","""14.5"""
"30","47","""9"""
"2","9","""9"""
"4","12","""13.5"""
"5","20","""5.5"""
"28","26","""15.5"""
"17","7","""10"""
"15","1","""13"""
"60","122","""68"""
"32","5","""7"""
"7","4","""5.5"""
"55","31","""13.5"""
"4","16","""8"""
"20","0","""9.5"""
"13","1","""11.5"""
"20","1","""12.5"""
"10","18","""52"""
"0","1","""8"""
"40","0","""6"""
"18","31","""47"""
"30","54","""4"""
"42","10","""6.5"""
"40","42","""14"""
"0","1","""6"""
"3","47","""8.5"""
"42","20","""9.5"""
"1","5","""7.5"""
"28","68","""6"""
"12","16","""4"""
"98","1","""52"""
"36","20","""5.5"""
"0","13","""7.5"""
"10","12","""6"""
"7","0","""6"""
"11","20","""6.5"""
"20","20","""5"""
"26","13","""10"""
"20","20","""5"""
"102","5","""8"""
"16","17","""8"""
"40","32","""5"""
"20","29","""8"""
"59","7","""12"""
"14","7","""8.5"""
"98","5","""52"""
"13","0","""6.5"""
"176","142","""11"""
"204","5","""15.5"""
"20","3","""14"""
"30","41","""16"""
"81","205","""6.5"""
"13","1","""11.5"""
"10","65","""5.5"""
"5","5","""5"""
"13","13","""3"""
"16","65","""21.5"""
"10","42","""3"""
"16","30","""11"""
"16","8","""31.5"""
"7","0","""7.5"""
"49","14","""13.5"""
"46","7","""5.5"""
"30","206","""6"""
"13","7","""10"""
"37","16","""16.5"""
"20","7","""11"""
"18","0","""52"""
"5","8","""23"""
"7","40","""8"""
"66","56","""3.5"""
"69","11","""10.5"""
"40","26","""7"""
"13","26","""11"""
"12","14","""7.5"""
"57","56","""21.5"""
"32","6","""6.5"""
"10","12","""4.5"""
"98","112","""39.5"""
"40","6","""4.5"""
"1","11","""22.5"""
"5","37","""10"""
"13","20","""4.5"""
"2","42","""16.5"""
"6","59","""8.5"""
"7","37","""6.5"""
"37","4","""6"""
"7","7","""6.5"""
"55","4","""12.5"""
"9","207","""10"""
"26","3","""52"""
"56","24","""4.5"""
"13","13","""5.5"""
"7","102","""7.5"""
"13","18","""52"""
"5","7","""9.5"""
"55","37","""17.5"""
"40","12","""13.5"""
"20","13","""6.5"""
"54","32","""6"""
"0","7","""6.5"""
"55","4","""9.5"""
"36","0","""14.5"""
"5","20","""8.5"""
"14","110","""22.5"""
"56","56","""7.5"""
"2","123","""14.5"""
"10","16","""5.5"""
"13","66","""23"""
"17","40","""7"""
"7","7","""6"""
"21","0","""6"""
"13","183","""22.5"""
"12","42","""4.5"""
"46","7","""4.5"""
"76","81","""14"""
"9","20","""13"""
"42","13","""11"""
"134","98","""6"""
"59","81","""5"""
"20","29","""8"""
"11","11","""6"""
"32","50","""10"""
"3","3","""5"""
"13","8","""23.5"""
"59","2","""6"""
"20","29","""5"""
"0","51","""16"""
"4","2","""8"""
"31","103","""16.5"""
"13","20","""4"""
"24","12","""13"""
"5","13","""9"""
"9","3","""10"""
"30","5","""9"""
"5","0","""6.5"""
"14","10","""8"""
"12","4","""13"""
"32","7","""6.5"""
"9","3","""9.5"""
"10","25","""32"""
"20","12","""9"""
"9","5","""8"""
"19","13","""14"""
"7","3","""6"""
"13","30","""14"""
"3","9","""8.5"""
"208","58","""3.5"""
"10","42","""4.5"""
"19","13","""11.5"""
"28","134","""43"""
"13","16","""8"""
"7","19","""10"""
"0","49","""11.5"""
"5","26","""3.5"""
"20","20","""3.5"""
"3","32","""5"""
"4","5","""10.5"""
"93","54","""9.5"""
"30","3","""10.5"""
"5","1","""8"""
"40","5","""8.5"""
"20","1","""12"""
"98","8","""32.5"""
"64","54","""13.5"""
"73","11","""6.5"""
"7","7","""6.5"""
"49","4","""7.5"""
"26","12","""9.5"""
"14","4","""10.5"""
"7","37","""8"""
"54","49","""4"""
"89","89","""6"""
"26","102","""15.5"""
"18","17","""52"""
"13","0","""13.5"""
"68","38","""14"""
"17","1","""6"""
"6","53","""3.5"""
"20","18","""52"""
"7","11","""13.5"""
"3","25","""31.5"""
"16","29","""9"""
"57","32","""6"""
"10","8","""27.5"""
"30","5","""5"""
"6","6","""4.5"""
"44","8","""34.5"""
"42","5","""10"""
"17","36","""10"""
"1","47","""16.5"""
"88","14","""10"""
"13","13","""3.5"""
"0","37","""4.5"""
"16","7","""7"""
"37","209","""31.5"""
"30","7","""9.5"""
"98","6","""52"""
"20","20","""4"""
"81","3","""11.5"""
"42","16","""6.5"""
"16","32","""9.5"""
"20","7","""11.5"""
"49","2","""4"""
"5","13","""7.5"""
"51","7","""4"""
"3","7","""6.5"""
"13","8","""24.5"""
"102","14","""32.5"""
"2","30","""5.5"""
"16","7","""6"""
"13","0","""8"""
"42","29","""13"""
"5","13","""6"""
"169","3","""7"""
"69","68","""5"""
"0","13","""8.5"""
"57","7","""8.5"""
"3","30","""7"""
"5","0","""7"""
"58","59","""4"""
"42","11","""5.5"""
"14","10","""9.5"""
"19","0","""7.5"""
"12","0","""8.5"""
"30","76","""3.5"""
"32","32","""4"""
"3","20","""15.5"""
"13","6","""9.5"""
"28","28","""4.5"""
"2","18","""52"""
"5","134","""52"""
"13","56","""28.5"""
"5","13","""8.5"""
"21","7","""9"""
"20","13","""5.5"""
"0","7","""7.5"""
"14","4","""13"""
"1","2","""9"""
"13","13","""4"""
"24","24","""3.5"""
"0","7","""5"""
"20","25","""24.5"""
"95","20","""11"""
"14","7","""6.5"""
"79","210","""6.5"""
"32","51","""7"""
"46","7","""6.5"""
"4","7","""6.5"""
"5","98","""52"""
"20","0","""9"""
"4","7","""6"""
"24","14","""10.5"""
"0","0","""5.5"""
"18","36","""41"""
"18","43","""63.5"""
"13","13","""9.5"""
"8","7","""37.5"""
"54","26","""8"""
"20","57","""8.5"""
"42","12","""6"""
"20","20","""10.5"""
"7","7","""5.5"""
"0","20","""10"""
"20","74","""21"""
"59","76","""8.5"""
"20","11","""12.5"""
"0","8","""24.5"""
"3","3","""6"""
"0","13","""5.5"""
"5","3","""7.5"""
"30","30","""4.5"""
"14","12","""7.5"""
"7","13","""8.5"""
"6","0","""8.5"""
"59","4","""9.5"""
"55","43","""5"""
"11","11","""6.5"""
"20","9","""12"""
"21","21","""3.5"""
"10","13","""9.5"""
"0","102","""4.5"""
"5","3","""8.5"""
"12","26","""10"""
"7","58","""13.5"""
"114","12","""6"""
"16","1","""9"""
"6","8","""25.5"""
"54","211","""17"""
"13","9","""9.5"""
"7","58","""9.5"""
"0","13","""8.5"""
"68","0","""18.5"""
"1","212","""16.5"""
"14","81","""22.5"""
"13","20","""6"""
"1","1","""3"""
"42","56","""6.5"""
"3","3","""11"""
"28","4","""7"""
"29","13","""5.5"""
"42","20","""7"""
"30","32","""5.5"""
"14","7","""8.5"""
"30","77","""13.5"""
"10","12","""5.5"""
"13","40","""8.5"""
"0","1","""8"""
"46","0","""4.5"""
"16","1","""6"""
"2","13","""5"""
"159","4","""18"""
"0","15","""9.5"""
"7","7","""6"""
"37","1","""7"""
"29","136","""18.5"""
"32","98","""52"""
"113","100","""33"""
"1","20","""11"""
"30","81","""11.5"""
"3","3","""5"""
"74","18","""52"""
"102","98","""52"""
"0","7","""8.5"""
"37","13","""9"""
"113","3","""17.5"""
"16","10","""5.5"""
"5","0","""4.5"""
"46","7","""6"""
"12","14","""4"""
"13","40","""7.5"""
"13","16","""11"""
"81","1","""12.5"""
"1","7","""3.5"""
"0","10","""11"""
"9","5","""8.5"""
"1","0","""7.5"""
"0","51","""3.5"""
"97","28","""9"""
"20","13","""8"""
"5","12","""11.5"""
"20","13","""4.5"""
"55","4","""9"""
"10","30","""15.5"""
"6","40","""4"""
"2","187","""8.5"""
"9","44","""12"""
"13","17","""9.5"""
"59","16","""4.5"""
"0","4","""9.5"""
"7","26","""5.5"""
"32","4","""4"""
"30","5","""11.5"""
"4","1","""5.5"""
"55","30","""6"""
"0","14","""5.5"""
"16","10","""6.5"""
"14","9","""5"""
"52","7","""36"""
"51","0","""5.5"""
"1","1","""4.5"""
"98","124","""39.5"""
"14","7","""8"""
"24","10","""7"""
"12","12","""5"""
"10","14","""8.5"""
"14","7","""6"""
"49","49","""5.5"""
"5","36","""11.5"""
"213","14","""25"""
"20","20","""3.5"""
"54","1","""9.5"""
"5","5","""5.5"""
"26","142","""15.5"""
"13","14","""9.5"""
"32","17","""7.5"""
"40","20","""9"""
"163","5","""7"""
"7","32","""8.5"""
"13","14","""9"""
"13","42","""9.5"""
"20","1","""14"""
"16","0","""4"""
"44","18","""52"""
"14","10","""7"""
"4","16","""7.5"""
"2","7","""8"""
"47","134","""52"""
"159","64","""4.5"""
"0","7","""7.5"""
"13","17","""11.5"""
"10","16","""9.5"""
"32","2","""7"""
"20","52","""27"""
"30","20","""14.5"""
"13","1","""10.5"""
"16","0","""10.5"""
"1","44","""12.5"""
"42","42","""4"""
"13","0","""6"""
"98","195","""37.5"""
"1","134","""52"""
"7","19","""10"""
"20","11","""7.5"""
"17","47","""9"""
"32","30","""6.5"""
"16","81","""24.5"""
"13","0","""5"""
"7","43","""18.5"""
"99","0","""27"""
"19","0","""7.5"""
"11","29","""6.5"""
"14","122","""72"""
"58","4","""12"""
"76","32","""9"""
"5","20","""8.5"""
"10","1","""9.5"""
"36","55","""15.5"""
"1","0","""5"""
"13","20","""6"""
"20","14","""13"""
"26","13","""11"""
"20","9","""13"""
"98","20","""52"""
"13","20","""5"""
"0","3","""9.5"""
"1","7","""5"""
"20","29","""6.5"""
"13","98","""52"""
"0","13","""8.5"""
"42","10","""5"""
"3","7","""4.5"""
"24","10","""8.5"""
"20","8","""25"""
"13","1","""11"""
"17","16","""4.5"""
"20","4","""15.5"""
"214","1","""14"""
"32","32","""4.5"""
"0","73","""18"""
"162","79","""23"""
"76","10","""18"""
"5","123","""19.5"""
"13","25","""24.5"""
"30","30","""5"""
"32","123","""21.5"""
"5","43","""10"""
"18","5","""52"""
"2","32","""4.5"""
"3","0","""6.5"""
"32","30","""5"""
"57","7","""8.5"""
"13","13","""5"""
"29","20","""5.5"""
"81","7","""14.5"""
"10","4","""13"""
"20","54","""19"""
"51","13","""5"""
"5","26","""6"""
"93","17","""15.5"""
"8","42","""27.5"""
"14","37","""4"""
"96","3","""3.5"""
"20","29","""10"""
"158","1","""17.5"""
"5","1","""5.5"""
"28","55","""17"""
"12","1","""9"""
"1","7","""5.5"""
"5","20","""11"""
"98","45","""55"""
"98","215","""42"""
"69","146","""19.5"""
"6","11","""19.5"""
"208","0","""12"""
"98","216","""49.5"""
"14","29","""12.5"""
"10","73","""10.5"""
"26","44","""14.5"""
"13","7","""13.5"""
"13","66","""21.5"""
"7","0","""6.5"""
"5","5","""5"""
"81","3","""14"""
"7","0","""5"""
"4","3","""4.5"""
"15","44","""8.5"""
"5","17","""7.5"""
"12","14","""6"""
"42","48","""7"""
"82","49","""10"""
"13","1","""12"""
"7","73","""15.5"""
"26","6","""7.5"""
"7","7","""5"""
"20","12","""9.5"""
"30","18","""52"""
"30","42","""23"""
"2","98","""52"""
"20","98","""52"""
"20","68","""23.5"""
"14","13","""5.5"""
"88","26","""10.5"""
"3","14","""11"""
"10","14","""7"""
"5","2","""11.5"""
"10","13","""7"""
"46","7","""4.5"""
"20","44","""22.5"""
"10","0","""12.5"""
"10","4","""13"""
"5","29","""11.5"""
"5","28","""15"""
"12","65","""6.5"""
"14","12","""3.5"""
"7","0","""6.5"""
"98","67","""22"""
"7","2","""10"""
"20","5","""12.5"""
"0","102","""6.5"""
"20","13","""5"""
"7","7","""6"""
"42","7","""12.5"""
"0","17","""5.5"""
"19","17","""10.5"""
"128","28","""8.5"""
"37","7","""5.5"""
"0","0","""4"""
"13","13","""4"""
"2","6","""9"""
"37","3","""9"""
"68","68","""5.5"""
"7","20","""11"""
"10","0","""10"""
"40","86","""23"""
"147","12","""23"""
"28","17","""11.5"""
"32","20","""12.5"""
"93","58","""9.5"""
"26","0","""7"""
"1","26","""5"""
"7","14","""7"""
"13","217","""15.5"""
"5","51","""6"""
"4","20","""13.5"""
"59","44","""5.5"""
"1","13","""12"""
"98","26","""52"""
"13","1","""14"""
"55","0","""10.5"""
"20","0","""11.5"""
"12","47","""6"""
"20","7","""11"""
"1","36","""14.5"""
"13","20","""8"""
"2","8","""29.5"""
"98","97","""47"""
"13","13","""3.5"""
"13","17","""5"""
"44","76","""10.5"""
"14","0","""6"""
"20","19","""13"""
"10","10","""5.5"""
"52","20","""24"""
"18","4","""52"""
"26","7","""8"""
"32","20","""17.5"""
"20","20","""10.5"""
"118","42","""8.5"""
"30","93","""14"""
"3","7","""4.5"""
"24","10","""9.5"""
"3","30","""5.5"""
"0","7","""8"""
"16","218","""37.5"""
"46","8","""30.5"""
"51","3","""7"""
"29","7","""13.5"""
"64","159","""5.5"""
"13","8","""26.5"""
"5","0","""7"""
"10","13","""7.5"""
"11","29","""6.5"""
"20","57","""9.5"""
"5","51","""5"""
"29","13","""5.5"""
"24","20","""11.5"""
"12","20","""8"""
"10","10","""5"""
"30","5","""5"""
"14","7","""7"""
"42","7","""15"""
"0","52","""25"""
"13","13","""5.5"""
"13","55","""11"""
"14","7","""6.5"""
"56","42","""6.5"""
"66","47","""11.5"""
"7","7","""6"""
"19","30","""6"""
"56","0","""17.5"""
"18","66","""52"""
"0","7","""7"""
"76","71","""31.5"""
"42","66","""14"""
"32","172","""30.5"""
"2","219","""41.5"""
"11","11","""6.5"""
"1","79","""18"""
"0","6","""6.5"""
"54","4","""5.5"""
"26","7","""7.5"""
"69","69","""3"""
"76","7","""10"""
"5","28","""15"""
"31","30","""12.5"""
"13","13","""3"""
"220","98","""52"""
"4","9","""7"""
"30","1","""7.5"""
"64","27","""8.5"""
"26","3","""9"""
"1","0","""5"""
"6","2","""10"""
"31","79","""8.5"""
"7","51","""7"""
"98","99","""48"""
"13","13","""5.5"""
"14","39","""27"""
"40","6","""4"""
"49","136","""18.5"""
"1","134","""52"""
"10","66","""16"""
"9","5","""6"""
"14","7","""6.5"""
"42","20","""6"""
"20","42","""9.5"""
"7","77","""21"""
"13","13","""4.5"""
"59","31","""16"""
"18","20","""52"""
"5","0","""5"""
"20","93","""23.5"""
"5","26","""8"""
"10","20","""12"""
"10","42","""5.5"""
"16","72","""35.5"""
"16","10","""4.5"""
"98","122","""91.5"""
"19","0","""11"""
"0","7","""9"""
"7","14","""13.5"""
"51","32","""6.5"""
"89","41","""12"""
"221","41","""14"""
"222","129","""27.5"""
"7","21","""5"""
"3","13","""13"""
"32","148","""6.5"""
"7","26","""5.5"""
"55","32","""12.5"""
"32","76","""15.5"""
"20","13","""5"""
"7","20","""11"""
"10","66","""17"""
"20","20","""5"""
"20","13","""4.5"""
"0","17","""4.5"""
"5","0","""6"""
"0","18","""52"""
"13","24","""17.5"""
"30","5","""8"""
"30","32","""6"""
"13","28","""7"""
"13","12","""8.5"""
"20","13","""5"""
"28","13","""12.5"""
"7","8","""32.5"""
"74","74","""6.5"""
"29","13","""10.5"""
"69","55","""22.5"""
"42","8","""24"""
"10","20","""9.5"""
"42","14","""9"""
"14","1","""6.5"""
"30","4","""6.5"""
"30","41","""16.5"""
"29","16","""8.5"""
"6","58","""5.5"""
"1","32","""6.5"""
"170","11","""16.5"""
"12","8","""30.5"""
"7","19","""11"""
"14","32","""10"""
"69","8","""12"""
"19","4","""3.5"""
"118","13","""8"""
"118","13","""9"""
"42","5","""13.5"""
"77","3","""24.5"""
"13","13","""4.5"""
"29","13","""6.5"""
"5","7","""7.5"""
"5","5","""5"""
"19","49","""8"""
"73","56","""9"""
"7","0","""5"""
"3","4","""8"""
"147","5","""36"""
"29","11","""6"""
"0","5","""5.5"""
"134","223","""21.5"""
"32","9","""6"""
"32","10","""14"""
"14","4","""7"""
"5","2","""12"""
"0","0","""4"""
"118","16","""11.5"""
"7","12","""8"""
"4","0","""12"""
"59","16","""5.5"""
"6","224","""18"""
"30","76","""7"""
"20","26","""8.5"""
"225","2","""10.5"""
"74","14","""15.5"""
"29","20","""5"""
"20","20","""4.5"""
"6","1","""9"""
"26","13","""10.5"""
"27","64","""5.5"""
"1","1","""5"""
"7","7","""15"""
"5","0","""8"""
"12","14","""4.5"""
"9","3","""6.5"""
"30","152","""7"""
"46","1","""11"""
"226","26","""25.5"""
"16","32","""18.5"""
"0","1","""6"""
"19","6","""7"""
"12","27","""26.5"""
"118","8","""34"""
"64","77","""9"""
"20","49","""12.5"""
"6","102","""14"""
"28","13","""14"""
"13","5","""12.5"""
"17","217","""24"""
"7","46","""6"""
"0","14","""4.5"""
"0","7","""6"""
"59","122","""60"""
"24","7","""22.5"""
"13","1","""12"""
"30","5","""8"""
"74","30","""6.5"""
"37","65","""4"""
"76","30","""4.5"""
"5","13","""6"""
"56","102","""15.5"""
"40","9","""4.5"""
"13","20","""4.5"""
"32","20","""12.5"""
"30","30","""4"""
"13","13","""4"""
"0","0","""5"""
"13","98","""52"""
"13","134","""52"""
"13","1","""9"""
"81","5","""15.5"""
"0","7","""8.5"""
"37","58","""13"""
"42","29","""9"""
"13","5","""8"""
"0","54","""10.5"""
"20","14","""14"""
"69","12","""16"""
"10","13","""8"""
"12","1","""8"""
"26","7","""7"""
"5","0","""7"""
"10","7","""10.5"""
"4","10","""13.5"""
"8","16","""15"""
"42","13","""11.5"""
"13","17","""9.5"""
"17","76","""11.5"""
"30","138","""16.5"""
"99","30","""13.5"""
"43","222","""36.5"""
"20","11","""10"""
"0","40","""6.5"""
"1","8","""28"""
"30","12","""15"""
"2","146","""31"""
"98","13","""52"""
"98","12","""52"""
"12","10","""8.5"""
"31","4","""18"""
"3","0","""9.5"""
"7","1","""6"""
"0","40","""7"""
"1","47","""6.5"""
"5","0","""6"""
"0","0","""7.5"""
"98","227","""42.5"""
"7","42","""9.5"""
"13","13","""5"""
"14","26","""5.5"""
"16","13","""7.5"""
"30","5","""7.5"""
"115","115","""10.5"""
"98","14","""52"""
"55","13","""15"""
"1","51","""6.5"""
"102","13","""5.5"""
"12","68","""33.5"""
"13","5","""6.5"""
"2","59","""6"""
"13","20","""5.5"""
"10","4","""15.5"""
"24","134","""52"""
"5","8","""27"""
"7","46","""4.5"""
"20","65","""6.5"""
"96","7","""6"""
"30","15","""5.5"""
"157","26","""23"""
"20","47","""14"""
"3","49","""9.5"""
"10","7","""15.5"""
"7","46","""6"""
"13","18","""52"""
"0","217","""23"""
"55","7","""13"""
"13","0","""6.5"""
"42","13","""9.5"""
"3","14","""8"""
"3","42","""15"""
"5","5","""9"""
"12","12","""5"""
"42","10","""4.5"""
"37","1","""5"""
"14","32","""9"""
"13","118","""7.5"""
"69","36","""5.5"""
"1","66","""24"""
"14","57","""6.5"""
"59","42","""21"""
"12","14","""5.5"""
"5","0","""5"""
"13","1","""9.5"""
"44","43","""3.5"""
"54","54","""3.5"""
"19","59","""11"""
"36","69","""10"""
"5","4","""12"""
"13","1","""10"""
"58","4","""8.5"""
"14","49","""12"""
"7","3","""7"""
"20","228","""23"""
"1","1","""5"""
"24","3","""21"""
"7","19","""11.5"""
"57","14","""11"""
"42","10","""6"""
"32","7","""11.5"""
"12","26","""12.5"""
"20","13","""4"""
"2","9","""9"""
"30","2","""8"""
"158","7","""19"""
"26","7","""7.5"""
"13","20","""5.5"""
"59","13","""24.5"""
"20","55","""16.5"""
"13","102","""5.5"""
"55","30","""6.5"""
"59","17","""25.5"""
"20","13","""5.5"""
"30","36","""15.5"""
"12","5","""12"""
"49","13","""16"""
"10","20","""9.5"""
"55","26","""8.5"""
"30","13","""14"""
"49","20","""21.5"""
"32","13","""14"""
"31","75","""9"""
"96","7","""5"""
"54","30","""5"""
"30","49","""7"""
"6","0","""8"""
"30","58","""8.5"""
"55","55","""6"""
"43","59","""5.5"""
"46","1","""7"""
"60","77","""7"""
"118","29","""11"""
"7","2","""9.5"""
"59","59","""2.5"""
"5","13","""7"""
"7","3","""6"""
"5","48","""15"""
"13","55","""19"""
"212","12","""11.5"""
"6","26","""4.5"""
"3","29","""16.5"""
"3","66","""31.5"""
"15","71","""35"""
"55","31","""10.5"""
"15","30","""6.5"""
"0","13","""11"""
"55","86","""26.5"""
"26","9","""5.5"""
"58","45","""15"""
"4","44","""10.5"""
"55","92","""26"""
"68","69","""5.5"""
"54","5","""7.5"""
"32","5","""9.5"""
"6","99","""18.5"""
"14","20","""7"""
"229","2","""7.5"""
"16","81","""5"""
"14","129","""30"""
"4","3","""4"""
"59","111","""34.5"""
"10","13","""9.5"""
"30","32","""7.5"""
"20","29","""6"""
"88","4","""4"""
"1","47","""4"""
"118","13","""8.5"""
"40","5","""6.5"""
"98","223","""28.5"""
"6","30","""6"""
"7","15","""14"""
"30","230","""22"""
"43","68","""28"""
"64","8","""32.5"""
"2","93","""13.5"""
"7","29","""13"""
"37","3","""7"""
"98","179","""22"""
"37","42","""9"""
"12","12","""6.5"""
"17","8","""26.5"""
"0","28","""13.5"""
"40","20","""8.5"""
"0","16","""8"""
"81","211","""4.5"""
"4","0","""8"""
"42","56","""12.5"""
"13","57","""8.5"""
"54","2","""6.5"""
"29","0","""10.5"""
"74","5","""14"""
"13","57","""6"""
"20","30","""6"""
"114","16","""5.5"""
"7","8","""30"""
"31","58","""13"""
"30","5","""9.5"""
"49","6","""6.5"""
"231","59","""15"""
"12","0","""6"""
"20","1","""10.5"""
"42","10","""4.5"""
"24","10","""8"""
"102","0","""4"""
"28","2","""21.5"""
"136","136","""10"""
"13","7","""10.5"""
"8","7","""34"""
"44","3","""14.5"""
"7","15","""14.5"""
"13","5","""7.5"""
"5","69","""14.5"""
"55","232","""13"""
"0","0","""5"""
"54","30","""7.5"""
"2","2","""5"""
"13","59","""17"""
"77","2","""31.5"""
"7","0","""5.5"""
"12","5","""9"""
"76","6","""7"""
"2","28","""26.5"""
"127","31","""17"""
"29","42","""10.5"""
"42","28","""19.5"""
"76","30","""3.5"""
"49","44","""8.5"""
"15","10","""18.5"""
"59","136","""21.5"""
"4","3","""6.5"""
"76","10","""17.5"""
"0","5","""5.5"""
"20","13","""5.5"""
"4","3","""7"""
"4","7","""6.5"""
"49","16","""4.5"""
"20","26","""9.5"""
"51","3","""8.5"""
"20","24","""13.5"""
"42","13","""6.5"""
"40","6","""4"""
"4","14","""11"""
"7","8","""29"""
"25","7","""29"""
"7","14","""7.5"""
"73","111","""12"""
"1","7","""4.5"""
"134","192","""39"""
"11","11","""5"""
"0","14","""6"""
"29","17","""10.5"""
"13","13","""4.5"""
"17","26","""7"""
"14","49","""14"""
"89","89","""9.5"""
"32","233","""7.5"""
"20","13","""7"""
"40","51","""4.5"""
"2","2","""4.5"""
"47","19","""5.5"""
"13","13","""5.5"""
"96","1","""5.5"""
"6","59","""12"""
"42","3","""15.5"""
"13","20","""4.5"""
"20","20","""5.5"""
"7","13","""11.5"""
"4","49","""7.5"""
"20","234","""34.5"""
"20","29","""5"""
"7","3","""9"""
"4","4","""7"""
"13","13","""9.5"""
"13","13","""6"""
"13","51","""8.5"""
"16","12","""5.5"""
"10","12","""7"""
"46","0","""6"""
"12","14","""5"""
"4","81","""13"""
"66","146","""32"""
"1","7","""6.5"""
"4","13","""14"""
"55","26","""11.5"""
"19","93","""14.5"""
"212","5","""11"""
"14","14","""6"""
"76","10","""18"""
"1","175","""23"""
"58","28","""24.5"""
"0","5","""5.5"""
"4","37","""14.5"""
"32","44","""16.5"""
"31","56","""36"""
"4","41","""25"""
"4","3","""6"""
"30","19","""7.5"""
"4","68","""36"""
"49","100","""17"""
"4","5","""11.5"""
"32","0","""8.5"""
"13","42","""10"""
"3","79","""22.5"""
"5","0","""5.5"""
"3","49","""7.5"""
"3","26","""6.5"""
"20","0","""8"""
"19","96","""6"""
"42","10","""5"""
"14","7","""7.5"""
"0","0","""3.5"""
"47","1","""8"""
"20","14","""8"""
"2","32","""7"""
"3","13","""12.5"""
"12","6","""13.5"""
"37","0","""5"""
"6","49","""9.5"""
"19","14","""11.5"""
"59","3","""8"""
"0","209","""39"""
"7","14","""6.5"""
"10","4","""11.5"""
"50","13","""6.5"""
"37","13","""10.5"""
"40","0","""9.5"""
"55","5","""9.5"""
"40","20","""8.5"""
"5","13","""4"""
"24","56","""7.5"""
"0","10","""7.5"""
"10","20","""9"""
"7","0","""5"""
"59","0","""13.5"""
"10","42","""6"""
"235","43","""23.5"""
"16","7","""5"""
"13","20","""4.5"""
"149","19","""6.5"""
"10","20","""9"""
"81","15","""7"""
"0","25","""33.5"""
"20","12","""14.5"""
"14","7","""5.5"""
"20","10","""8"""
"5","40","""5.5"""
"13","0","""5.5"""
"31","236","""13.5"""
"42","20","""6"""
"13","11","""10"""
"9","30","""7"""
"20","16","""11"""
"0","81","""19.5"""
"59","24","""26"""
"7","46","""8"""
"40","30","""5"""
"13","13","""7"""
"13","13","""7"""
"89","28","""9.5"""
"7","0","""5.5"""
"3","20","""14"""
"11","7","""16"""
"13","7","""8.5"""
"3","69","""17.5"""
"2","160","""11"""
"13","69","""18.5"""
"0","11","""19"""
"16","58","""8"""
"14","30","""13"""
"4","49","""9"""
"30","124","""22"""
"54","115","""26"""
"4","55","""12.5"""
"3","10","""15.5"""
"0","10","""12"""
"42","20","""7"""
"13","10","""9"""
"1","5","""6.5"""
"20","24","""10"""
"29","13","""4"""
"0","58","""10.5"""
"32","7","""8.5"""
"31","42","""27"""
"20","20","""6"""
"17","187","""21"""
"30","20","""14"""
"10","13","""8"""
"40","40","""12.5"""
"37","14","""4"""
"30","28","""16.5"""
"5","5","""5"""
"55","81","""12.5"""
"4","4","""5"""
"7","0","""8"""
"3","4","""6.5"""
"8","14","""26"""
"2","59","""6"""
"13","102","""6"""
"30","51","""10.5"""
"0","7","""10"""
"51","46","""9"""
"54","58","""4.5"""
"42","0","""12.5"""
"32","19","""4.5"""
"10","11","""10.5"""
"8","187","""41.5"""
"2","55","""7.5"""
"76","0","""12"""
"16","10","""5"""
"130","7","""52"""
"20","20","""6"""
"76","32","""6"""
"1","0","""7"""
"40","19","""8.5"""
"7","7","""5"""
"98","183","""33.5"""
"20","8","""22"""
"12","114","""4.5"""
"0","20","""9"""
"20","1","""13"""
"13","13","""6"""
"0","20","""6"""
"0","32","""8"""
"13","20","""6"""
"13","13","""5.5"""
"5","98","""52"""
"59","81","""4.5"""
"16","0","""6"""
"20","14","""8"""
"14","175","""20.5"""
"76","30","""9.5"""
"6","1","""7.5"""
"7","68","""20.5"""
"46","1","""5.5"""
"46","7","""6.5"""
"98","46","""52"""
"10","1","""13"""
"0","1","""6.5"""
"46","7","""5"""
"54","231","""6"""
"29","10","""9.5"""
"26","58","""9"""
"20","20","""9"""
"1","0","""6"""
"2","77","""18"""
"12","4","""10"""
"5","40","""4.5"""
"29","4","""16.5"""
"69","37","""18.5"""
"28","14","""15.5"""
"102","32","""8.5"""
"37","7","""4.5"""
"2","3","""10"""
"32","30","""8"""
"20","20","""6"""
"1","0","""6.5"""
"43","75","""18.5"""
"13","5","""4.5"""
"7","51","""7"""
"20","32","""16"""
"1","11","""18.5"""
"3","3","""5"""
"5","12","""9.5"""
"42","42","""4.5"""
"20","20","""6"""
"32","0","""8.5"""
"205","49","""6"""
"118","7","""8.5"""
"5","5","""5.5"""
"20","13","""4.5"""
"13","20","""5"""
"32","88","""9"""
"1","47","""7.5"""
"37","13","""8.5"""
"20","42","""6.5"""
"19","237","""43.5"""
"0","13","""13.5"""
"0","42","""12.5"""
"4","5","""18"""
"16","75","""29"""
"96","37","""8"""
"30","59","""23"""
"19","0","""8.5"""
"19","13","""28.5"""
"32","0","""10"""
"6","28","""17"""
"55","238","""67"""
"15","31","""10.5"""
"5","0","""4.5"""
"46","14","""4.5"""
"59","6","""10.5"""
"0","15","""11"""
"31","31","""4.5"""
"76","58","""10.5"""
"19","73","""24"""
"68","69","""7.5"""
"4","6","""5"""
"4","26","""8.5"""
"7","27","""25"""
"0","7","""7.5"""
"139","56","""25"""
"239","108","""13.5"""
"13","13","""4.5"""
"0","9","""8"""
"14","98","""52"""
"42","177","""13"""
"76","1","""10"""
"4","7","""6"""
"32","95","""17.5"""
"14","84","""23"""
"14","7","""7.5"""
"13","89","""18.5"""
"42","5","""12.5"""
"20","0","""7.5"""
"0","1","""5"""
"20","20","""5.5"""
"8","7","""33.5"""
"32","26","""5"""
"19","56","""28.5"""
"42","24","""6"""
"30","7","""10.5"""
"18","63","""52.5"""
"10","13","""10"""
"20","20","""4"""
"5","1","""4.5"""
"118","32","""14.5"""
"13","102","""7"""
"14","47","""7"""
"0","20","""9"""
"5","13","""5"""
"20","0","""10.5"""
"0","30","""11.5"""
"30","240","""9.5"""
"5","7","""7"""
"13","13","""3.5"""
"18","128","""35"""
"18","18","""52"""
"20","13","""6"""
"0","51","""6"""
"3","51","""8"""
"3","51","""9.5"""
"3","51","""7"""
"3","51","""10"""
"3","51","""4.5"""
"3","51","""10"""
"3","51","""6.5"""
"3","51","""7"""
"3","51","""11.5"""
"3","51","""5.5"""
"3","51","""9.5"""
"3","51","""16"""
"3","51","""8.5"""
"3","51","""7.5"""
"3","51","""4.5"""
"3","51","""7.5"""
"3","51","""5"""
"3","51","""52"""
"3","51","""3.5"""
"3","51","""5.5"""
"3","51","""6.5"""
"3","51","""10.5"""
"3","51","""6"""
"3","51","""6"""
"3","51","""15.5"""
"3","51","""8.5"""
"3","51","""5"""
"3","51","""15.5"""
"3","51","""8"""
"3","51","""8"""
"3","51","""7.5"""
"3","51","""14.5"""
"3","51","""17.5"""
"3","51","""5"""
"3","51","""7.5"""
"3","51","""13.5"""
"3","51","""6"""
"3","51","""23"""
"3","51","""8"""
"3","51","""20.5"""
"3","51","""31"""
"3","51","""8"""
"3","51","""21"""
"3","51","""17"""
"3","51","""6"""
"3","51","""14.5"""
"3","51","""9"""
"3","51","""6"""
"3","51","""4"""
"3","51","""16.5"""
"3","51","""11"""
"3","51","""2.5"""
"3","51","""12"""
"3","51","""4.5"""
"3","51","""4.5"""
"3","51","""4"""
"3","51","""5"""
"3","51","""7.5"""
"3","51","""3"""
"3","51","""10.5"""
"3","51","""4.5"""
"3","51","""23.5"""
"3","51","""10"""
"3","51","""4"""
"3","51","""35.5"""
"3","51","""9"""
"3","51","""7.5"""
"3","51","""6"""
"3","51","""6.5"""
"3","51","""11.5"""
"3","51","""4.5"""
"3","51","""11"""
"3","51","""5.5"""
"3","51","""7.5"""
"3","51","""24"""
"3","51","""10.5"""
"3","51","""5"""
"3","51","""6"""
"3","51","""7"""
"3","51","""12"""
"3","51","""7.5"""
